{
  "22": {
    "freq": 401.0,
    "sample_count": 2097152,
    "strength": 48.1308036086791
  },
  "31": {
    "freq": 410.0,
    "sample_count": 2097152,
    "strength": 48.1308036086791
  },
  "15": {
    "freq": 394.0,
    "sample_count": 2097152,
    "strength": 48.1308036086791
  },
  "28": {
    "freq": 407.0,
    "sample_count": 2097152,
    "strength": 48.1308036086791
  },
  "12": {
    "freq": 391.0,
    "sample_count": 2097152,
    "strength": 48.1308036086791
  },
  "27": {
    "freq": 406.0,
    "sample_count": 2097152,
    "strength": 48.1308036086791
  },
  "17": {
    "freq": 396.0,
    "sample_count": 2097152,
    "strength": 48.1308036086791
  },
  "29": {
    "freq": 408.0,
    "sample_count": 2097152,
    "strength": 48.1308036086791
  },
  "34": {
    "freq": 413.0,
    "sample_count": 2097152,
    "strength": 48.1308036086791
  },
  "39": {
    "freq": 418.0,
    "sample_count": 2097152,
    "strength": 48.1308036086791
  },
  "5": {
    "freq": 384.0,
    "sample_count": 2097152,
    "strength": 48.1308036086791
  },
  "9": {
    "freq": 388.0,
    "sample_count": 2097152,
    "strength": 48.1308036086791
  },
  "20": {
    "freq": 399.0,
    "sample_count": 2097152,
    "strength": 48.1308036086791
  },
  "4": {
    "freq": 383.0,
    "sample_count": 2097152,
    "strength": 48.1308036086791
  },
  "40": {
    "freq": 419.0,
    "sample_count": 2097152,
    "strength": 48.1308036086791
  },
  "13": {
    "freq": 392.0,
    "sample_count": 2097152,
    "strength": 48.1308036086791
  },
  "7": {
    "freq": 386.0,
    "sample_count": 2097152,
    "strength": 48.1308036086791
  },
  "3": {
    "freq": 382.0,
    "sample_count": 2097152,
    "strength": 48.1308036086791
  },
  "26": {
    "freq": 405.0,
    "sample_count": 2097152,
    "strength": 48.1308036086791
  },
  "30": {
    "freq": 409.0,
    "sample_count": 2097152,
    "strength": 48.1308036086791
  },
  "16": {
    "freq": 395.0,
    "sample_count": 2097152,
    "strength": 48.1308036086791
  },
  "33": {
    "freq": 412.0,
    "sample_count": 2097152,
    "strength": 48.1308036086791
  },
  "36": {
    "freq": 415.0,
    "sample_count": 2097152,
    "strength": 48.1308036086791
  },
  "24": {
    "freq": 403.0,
    "sample_count": 2097152,
    "strength": 48.1308036086791
  },
  "32": {
    "freq": 411.0,
    "sample_count": 2097152,
    "strength": 48.1308036086791
  },
  "1": {
    "freq": 380.0,
    "sample_count": 2097152,
    "strength": 48.1308036086791
  },
  "23": {
    "freq": 402.0,
    "sample_count": 2097152,
    "strength": 48.1308036086791
  },
  "25": {
    "freq": 404.0,
    "sample_count": 2097152,
    "strength": 48.1308036086791
  },
  "10": {
    "freq": 389.0,
    "sample_count": 2097152,
    "strength": 48.1308036086791
  },
  "18": {
    "freq": 397.0,
    "sample_count": 2097152,
    "strength": 48.1308036086791
  },
  "35": {
    "freq": 414.0,
    "sample_count": 2097152,
    "strength": 48.1308036086791
  },
  "21": {
    "freq": 400.0,
    "sample_count": 2097152,
    "strength": 48.1308036086791
  },
  "38": {
    "freq": 417.0,
    "sample_count": 2097152,
    "strength": 48.1308036086791
  },
  "37": {
    "freq": 416.0,
    "sample_count": 2097152,
    "strength": 48.1308036086791
  },
  "11": {
    "freq": 390.0,
    "sample_count": 2097152,
    "strength": 48.1308036086791
  },
  "19": {
    "freq": 398.0,
    "sample_count": 2097152,
    "strength": 48.1308036086791
  },
  "14": {
    "freq": 393.0,
    "sample_count": 2097152,
    "strength": 48.1308036086791
  },
  "6": {
    "freq": 385.0,
    "sample_count": 2097152,
    "strength": 48.1308036086791
  },
  "41": {
    "freq": 420.0,
    "sample_count": 2097152,
    "strength": 48.1308036086791
  },
  "8": {
    "freq": 387.0,
    "sample_count": 2097152,
    "strength": 48.1308036086791
  },
  "2": {
    "freq": 381.0,
    "sample_count": 2097152,
    "strength": 48.1308036086791
  }
}