{
  "0": {
    "freq": 380.0,
    "sample_count": 2097152,
    "strength": 48.1308036086791,
    "tetra_durations": "1-2,48-49,96-97"
  },
  "1": {
    "freq": 381.0,
    "sample_count": 2097152,
    "strength": 48.1308036086791,
    "tetra_durations": "2-3,49-50,97-98"
  },
  "10": {
    "freq": 390.0,
    "sample_count": 2097152,
    "strength": 48.1308036086791,
    "tetra_durations": "12-13,60-61,108-109"
  },
  "11": {
    "freq": 391.0,
    "sample_count": 2097152,
    "strength": 48.1308036086791,
    "tetra_durations": "13-14,61-62,109-110"
  },
  "12": {
    "freq": 392.0,
    "sample_count": 2097152,
    "strength": 48.1308036086791,
    "tetra_durations": "15-16,62-63,110-111"
  },
  "13": {
    "freq": 393.0,
    "sample_count": 2097152,
    "strength": 48.1308036086791,
    "tetra_durations": "16-17,63-64,111-112"
  },
  "14": {
    "freq": 394.0,
    "sample_count": 2097152,
    "strength": 48.1308036086791,
    "tetra_durations": "17-18,65-66,112-113"
  },
  "15": {
    "freq": 395.0,
    "sample_count": 2097152,
    "strength": 48.1308036086791,
    "tetra_durations": "18-19,66-67,114-115"
  },
  "16": {
    "freq": 396.0,
    "sample_count": 2097152,
    "strength": 48.1308036086791,
    "tetra_durations": "19-20,67-68,115-116"
  },
  "17": {
    "freq": 397.0,
    "sample_count": 2097152,
    "strength": 48.1308036086791,
    "tetra_durations": "20-21,68-69,116-117"
  },
  "18": {
    "freq": 398.0,
    "sample_count": 2097152,
    "strength": 48.1308036086791,
    "tetra_durations": "22-23,69-70,117-118"
  },
  "19": {
    "freq": 399.0,
    "sample_count": 2097152,
    "strength": 48.1308036086791,
    "tetra_durations": "23-24,70-71,118-119"
  },
  "2": {
    "freq": 382.0,
    "sample_count": 2097152,
    "strength": 48.1308036086791,
    "tetra_durations": "3-4,51-52,99-100"
  },
  "20": {
    "freq": 400.0,
    "sample_count": 2097152,
    "strength": 48.1308036086791,
    "tetra_durations": "24-25,72-73,119-120"
  },
  "21": {
    "freq": 401.0,
    "sample_count": 2097152,
    "strength": 48.1308036086791,
    "tetra_durations": "25-26,73-74,121-122"
  },
  "22": {
    "freq": 402.0,
    "sample_count": 2097152,
    "strength": 48.1308036086791,
    "tetra_durations": "26-27,74-75"
  },
  "23": {
    "freq": 403.0,
    "sample_count": 2097152,
    "strength": 48.1308036086791,
    "tetra_durations": "27-28,75-76"
  },
  "24": {
    "freq": 404.0,
    "sample_count": 2097152,
    "strength": 48.1308036086791,
    "tetra_durations": "29-30,76-77"
  },
  "25": {
    "freq": 405.0,
    "sample_count": 2097152,
    "strength": 48.1308036086791,
    "tetra_durations": "30-31,77-78"
  },
  "26": {
    "freq": 406.0,
    "sample_count": 2097152,
    "strength": 48.1308036086791,
    "tetra_durations": "31-32,79-80"
  },
  "27": {
    "freq": 407.0,
    "sample_count": 2097152,
    "strength": 48.1308036086791,
    "tetra_durations": "32-33,80-81"
  },
  "28": {
    "freq": 408.0,
    "sample_count": 2097152,
    "strength": 48.1308036086791,
    "tetra_durations": "33-34,81-82"
  },
  "29": {
    "freq": 409.0,
    "sample_count": 2097152,
    "strength": 48.1308036086791,
    "tetra_durations": "34-35,82-83"
  },
  "3": {
    "freq": 383.0,
    "sample_count": 2097152,
    "strength": 48.1308036086791,
    "tetra_durations": "4-5,52-53,100-101"
  },
  "30": {
    "freq": 410.0,
    "sample_count": 2097152,
    "strength": 48.1308036086791,
    "tetra_durations": "36-37,83-84"
  },
  "31": {
    "freq": 411.0,
    "sample_count": 2097152,
    "strength": 48.1308036086791,
    "tetra_durations": "37-38,85-86"
  },
  "32": {
    "freq": 412.0,
    "sample_count": 2097152,
    "strength": 48.1308036086791,
    "tetra_durations": "38-39,86-87"
  },
  "33": {
    "freq": 413.0,
    "sample_count": 2097152,
    "strength": 48.1308036086791,
    "tetra_durations": "39-40,87-88"
  },
  "34": {
    "freq": 414.0,
    "sample_count": 2097152,
    "strength": 48.1308036086791,
    "tetra_durations": "40-41,88-89"
  },
  "35": {
    "freq": 415.0,
    "sample_count": 2097152,
    "strength": 48.1308036086791,
    "tetra_durations": "41-42,89-90"
  },
  "36": {
    "freq": 416.0,
    "sample_count": 2097152,
    "strength": 48.1308036086791,
    "tetra_durations": "43-44,90-91"
  },
  "37": {
    "freq": 417.0,
    "sample_count": 2097152,
    "strength": 48.1308036086791,
    "tetra_durations": "44-45,92-93"
  },
  "38": {
    "freq": 418.0,
    "sample_count": 2097152,
    "strength": 48.1308036086791,
    "tetra_durations": "45-46,93-94"
  },
  "39": {
    "freq": 419.0,
    "sample_count": 2097152,
    "strength": 48.1308036086791,
    "tetra_durations": "46-47,94-95"
  },
  "4": {
    "freq": 384.0,
    "sample_count": 2097152,
    "strength": 48.1308036086791,
    "tetra_durations": "5-6,53-54,101-102"
  },
  "40": {
    "freq": 420.0,
    "sample_count": 2097152,
    "strength": 48.1308036086791,
    "tetra_durations": "47-48,95-96"
  },
  "5": {
    "freq": 385.0,
    "sample_count": 2097152,
    "strength": 48.1308036086791,
    "tetra_durations": "6-7,54-55,102-103"
  },
  "6": {
    "freq": 386.0,
    "sample_count": 2097152,
    "strength": 48.1308036086791,
    "tetra_durations": "8-9,55-56,103-104"
  },
  "7": {
    "freq": 387.0,
    "sample_count": 2097152,
    "strength": 48.1308036086791,
    "tetra_durations": "9-10,56-57,104-105"
  },
  "8": {
    "freq": 388.0,
    "sample_count": 2097152,
    "strength": 48.1308036086791,
    "tetra_durations": "10-11,58-59,105-106"
  },
  "9": {
    "freq": 389.0,
    "sample_count": 2097152,
    "strength": 48.1308036086791,
    "tetra_durations": "11-12,59-60,107-108"
  }
}